﻿{

"N1": "Disponible de toutes les sources",
"N1_1": "Production",
"E1_1_1": "Produits récupérés et recyclés",
"E1_1_2": "Production primaire",
"E1_2": "Importations",
"E1_3": "Prélèvement sur les stocks",
"E1_4": "Ecart statistique - flux entrant",
"T2": "Transformation",
"N2_1": "Entrées en transformation",
"N2_2": "Sorties de transformation",
"T2_3": "Echanges, transferts, retours",
"T2_4": "Centrales thermiques",
"T2_5": "Centrales nucléaires",
"T2_6": "Raffineries et industrie pétrochimique",
"N2_6_1": "Entrées - raffineries et industrie pétrochimique",
"N2_6_2": "Sorties - raffineries et industrie pétrochimique",
"T2_6_1": "Raffineries",
"T2_6_2": "Industrie pétrochimique",
"T2_6_3": "Autres",
"T2_7": "Fabriques de briquettes de lignite et de tourbe",
"T2_8": "Fours à coke",
"T2_9": "Hauts-fourneaux",
"T2_10": "Usines à gaz",
"T2_11": "Production d'électricité et de chaleur",
"N2_11_1": "Entrées en transformation - production d'électricité et de chaleur",
"N2_11_2": "Sorties de transformation - production d'électricité et de chaleur",
"T2_11_1": "Production d'électricité uniquement",
"T2_11_2": "Cogénération de chaleur et d'électricité",
"T2_11_3": "Production de chaleur uniquement",
"T2_11_4": "Autres",
"T2_12": "Autres transformations",
"N3": "Retour de transformation",
"E4": "Pertes de transformation",
"N5": "Transfert direct",
"N6": "Disponible après transformation",
"E6_2": "Constitution de stocks",
"E6_3": "Exportations",
"E6_4": "Soutages maritimes internationaux",
"E6_5": "Consommation de la branche énergétique",
"E6_5_1": "Production d'électricité et de chaleur",
"E6_5_2": "Mines de charbon",
"E6_5_3": "Usines d'extraction de pétrole et de gaz naturel",
"E6_5_4": "Fabriques d'agglomérés",
"E6_5_5": "Fours à coke",
"E6_5_6": "Fabriques de briquettes de lignite et briquettes de tourbe",
"E6_5_7": "Usines à gaz",
"E6_5_8": "Hauts-fourneaux",
"E6_5_9": "Raffineries de pétrole",
"E6_5_10": "Industrie nucléaire",
"E6_5_11": "Usines de liquéfaction du charbon",
"E6_5_12": "Usines de liquéfaction et regazéification (GNL)",
"E6_5_13": "Usines de gazéification de biogaz",
"E6_5_14": "Usines de liquéfaction du gaz",
"E6_5_15": "Usines de production de charbon de bois",
"E6_5_16": "Non spécifié ailleurs",
"E6_6": "Pertes de transmission et de distribution",
"E6_7": "Aviation internationale",
"E6_8": "Ecart statistique - flux sortant",
"N6_1": "Consommation finale",
"N6_1_1": "Consommation finale énergétique",
"N6_1_1_1": "Industrie",
"E6_1_1_1_1": "Sidérurgie",
"E6_1_1_1_2": "Chimie et pétrochimie",
"E6_1_1_1_3": "Métaux non ferreux",
"E6_1_1_1_4": "Minéraux non métalliques",
"E6_1_1_1_5": "Materiel de transport",
"E6_1_1_1_6": "Construction méchanique",
"E6_1_1_1_7": "Extraction",
"E6_1_1_1_8": "Aliments et tabac",
"E6_1_1_1_9": "Papier, carton, imprimerie",
"E6_1_1_1_10": "Bois et produits dérivés",
"E6_1_1_1_11": "Construction",
"E6_1_1_1_12": "Textiles et maroquinerie",
"E6_1_1_1_13": "Industrie non spécifiée",
"N6_1_1_2": "Transport",
"E6_1_1_2_1": "Transports ferroviaires",
"E6_1_1_2_2": "Transports routiers",
"E6_1_1_2_3": "",
"E6_1_1_2_4": "Aviation intérieure",
"E6_1_1_2_5": "Navigation interne",
"E6_1_1_2_6": "Transport par conduites",
"E6_1_1_2_7": "Non spécifié (transport)",
"N6_1_1_3": "Autres secteurs",
"E6_1_1_3_1": "Commerce et services publics",
"E6_1_1_3_2": "Ménages",
"E6_1_1_3_3": "Agriculture / foresterie",
"E6_1_1_3_4": "Pêche",
"E6_1_1_3_5": "Non spécifié (autres)",
"N6_1_2": "Consommation finale non énergétique",
"E6_1_2_1": "Industrie",
"E6_1_2_2": "Transport",
"E6_1_2_3": "Autres secteurs",
"EU28": "Union européenne (28 pays)",
"EU27_2020": "Union européenne (27 pays)",
"EU27_2020_SHORT": "EU27 (27 pays)",
"EA19": "Zone euro (19 pays)",
"BE": "Belgique",
"BG": "Bulgarie",
"CZ": "Tchèquie",
"DK": "Danemark",
"DE": "Allemagne",
"EE": "Estonie",
"IE": "Irlande",
"EL": "Grèce",
"ES": "Espagne",
"FR": "France",
"HR": "Croatie",
"IT": "Italie",
"CY": "Chypre",
"LV": "Lettonie",
"LT": "Lituanie",
"LU": "Luxembourg",
"HU": "Hongrie",
"MT": "Malte",
"NL": "Pays-Bas",
"AT": "Autriche",
"PL": "Pologne",
"PT": "Portugal",
"RO": "Roumanie",
"SI": "Slovénie",
"SK": "Slovaquie",
"FI": "Finlande",
"SE": "Suède",
"UK": "Royaume-Uni",
"IS": "Islande",
"NO": "Norvège",
"ME": "Monténégro",
"MK": "Macédoine du Nord",
"AL": "Albanie",
"RS": "Serbie",
"TR": "Turquie",
"XK": "Kosovo (RCSNU 1244/99)",
"UA": "Ukraine",
"MD": "Moldavie",
"BA": "Bosnie Herzégovine",
"GE": "Géorgie",
"TOTAL": "Tous les produits",
"SFF_P1000": "Combustibles solides",
"C0121": "Charbon à coke",
"C0129": "Autres charbons bitumineux",
"C0220": "Lignite",
"C0311": "Coke de four à coke",
"SFF_OTH": "Autres combustibles solides",
"O4000": "Pétrole et produits pétroliers",
"O4100_TOT": "Pétrole brut",
"O4200-4500": "Autre prétrole primaire",
"O4652XR5210B": "Essence moteur (part de biocarburant non comprise)",
"O4671XR5220B": "Gazole et carburant diesel (part de biocarburant non comprise)",
"O4661XR5230B": "Carburéacteur type kérosène (part de biocarburant non comprise)",
"O4680": "Fioul",
"PP_OTH": "Autres produits pétroliers",
"G3000_C0350-370": "Gaz",
"G3000": "Gaz naturel",
"C0350-0370": "Gaz manufacturés",
"RA000": "Energies renouvelables",
"RA100": "Hydraulique",
"RA300": "Éolien",
"RA410": "Solaire thermique",
"RA420": "Solaire photovoltaïque",
"R5110-5150_W6000RI": "Biocarburants solides primaires",
"R5200": "Biocarburants liquides",
"W6210": "Déchets municipaux renouvelables",
"R5300": "Biogaz",
"RA200": "Géothermique",
"RA600": "Chaleur ambiante (pompes à chaleur)",
"RA500_5160": "Autres énergies renouvelables",
"W6100_6220": "Déchets non-renouvelables",
"W6100": "Déchets industriels (non-renouvelables)",
"W6220": "Déchets municipaux non-renouvelables",
"N900H": "Chaleur nucléaire",
"H8000": "Chaleur",
"E7000": "Energie électrique",
"HEADER_TITLE": "Diagramme de flux d'énergie pour",
"LEGEND_TITLE": "Légende",
"EXPORT_HEADER_TITLE": "Diagramme de flux d'énergie",
"EXPORT_FOOTER_TITLE": "Source: Eurostat",
"MENU_COUNTRY": "Sélectionner pays",
"MENU_UNIT": "Sélectionner unité d'énergie",
"MENU_HIDE_LEGEND": "Masquer légende",
"MENU_SHOW_LEGEND": "Montrer légende",
"MENU_NODE_LABELS": "Sélectionner libellé des noeuds",
"MENU_NODE_DETAILS": "Sélectionner détails des noeuds",
"MENU_METADATA": "Métadonnées",
"MENU_DATASET": "Base de données Sankey",
"MENU_SAVE_DIAGRAM": "Enregistrer ce diagramme",
"MENU_MORE": "En savoir plus",
"INFO_COUNTRY_SELECTOR": "Les données pour les pays sélectionnés (+) sont présentées sous forme d’agrégat, c’est-à-dire la somme des valeurs de ces pays.",
"DISCLAIMER_BAR_CHART": "Les données de l'Union européenne ont été supprimées du graphique car la valeur déformait l'échelle sur l'axe des Y. Les données peuvent être trouvées dans l'ensemble de données source sous le graphique.",
"DISCLAIMER_DONT_SHOW_AGAIN": "Ne plus afficher ce message",
"BOX_COUNTRY_TITLE": "Sélectionner pays",
"BOX_COUNTRY_TOOLTIP": "Plusieurs pays peuvent être sélectionnés et le résultat sera la somme de ces pays",
"BOX_UNIT_TITLE": "Sélectionner unité d'énergie",
"BOX_NODE_LABELS_TITLE": "Sélectionner libellé des noeuds",
"BOX_NODE_DETAILS_TITLE": "Sélectionner détails des noeuds",
"BOX_MORE_TITLE": "En savoir plus",
"BOX_SELECTION_COUNTRY": "Pays sélectionnés",
"BOX_METADATA_TITLE": "Métadonnées",
"BOX_DATASET_TITLE": "Base de données Sankey",
"BOX_FILTER_COUNTRY": "Filtrer pays",
"BOX_SELECTION_ALL_COUNTRY": "Sélectionner tous les pays",
"BOX_NORM_DATA": "Changer en percentages",
"BOX_DENORM_DATA": "Changer en valeurs absolues",
"KTOE": "Milliers de tonnes équivalent pétrole",
"GJ": "Gigajoules",
"TJ": "Térajoules",
"GWh": "Gigawattheures",
"Gcal": "Gigacalories",
"Tcal": "Téracalories",
"GBtu": "Giga British thermal unit",
"NO_LABELS": "Pas de libellés",
"TITLE_ONLY": "Titre seul",
"VALUE_ONLY": "Valeur seule",
"FLOW_NAME": "Nom du flux seule",
"FLOW_VALUE": "Valeur  du flux seule",
"FLOW_NAME_AND_VALUE": "Nom et valeur du flux",
"TITLE_AND_VALUE": "Titre et valeur",
"EXPAND_NODES": "Étendre tous les noeuds",
"COLLAPSE_NODES": "Rétrecir tous les noeuds",
"DEFAULT_VIEW": "Affichage par défaut",
"TUTORIAL": "Tutoriel",
"SANKEY_EXPLAINED": "Sankey en détail",
"DEFINITIONS": "Définitions",
"METADATA": "Métadonnées",
"SANKEY_DATASET": "Base de données Sankey",
"CONTACT": "Contactez-nous",
"EXPAND_NODE": "Étendre ce noeud",
"COLLAPSE_NODE": "Rétrecir ce noeud",
"TIME_GRAPHS": "Graphiques temporels",
"PIE_CHARTS": "Graphiques circulaires",
"BAR_CHARTS": "Comparer pays",
"FLOWS_GOING_THROUGH": "Flux traversant",
"FLOWS_GOING_INTO": "Flux entrant dans",
"FLOWS_GOING_OUT_FROM": "Flux sortant de",
"FUELS_GOING_THROUGH": "Carburants traversant",
"FUELS_GOING_INTO": "Carburants entrant dans",
"FUELS_GOING_OUT_FROM": "Carburants sortant de",
"SHOW_FUELS_DETAILS": "Montrer les détails du carburant",
"HIDE_FUELS_DETAILS": "Masquer les détails du carburant",
"FLOWS_GOING_OUT_FROM_2": "Flux sortants de",
"SHOW_FLOWS_DETAILS": "Afficher les détails du flux",
"HIDE_FLOWS_DETAILS": "Masquer les détails du flux",
"HIGHLIGHT_FLOW": "Surligner ce carburant",
"NO_HIGHLIGHT": "Pas de surlignage",
"INTO_FUEL_FAMILY": "Dans cette famille de carburant",
"BACK_ALL_FUELS": "Retour à tous les carburants",
"SAVE_PIE_CHART": "Enregistrer graphique circulaire",
"SAVE_PNG_IMAGE": "Enregistrer l'image en PNG",
"SAVE_DATA_TABLE": "Enregistrer données dans un tableau",
"SAVE_DATA": "Enregistrer les données",
"SAVE_WHOLE_DIAGRAM_PDF": "Diagramme complet",
"SAVE_CURRENT_DIAGRAM_PDF": "Affichage actuel",
"SAVE_DIAGRAM_FLOW": "Enregistrer le diagramme de flux",
"SAVE_TIME_GRAPH": "Enregistrer le graphique temporel",
"SAVE_BAR_CHART": "Enregistrer histogramme",
"OPTIONS_BAR_CHART": "Options",
"RESET": "Réinitialiser",
"ZOOM_RESET": "Régler le zoom à 100%",
"losses": "Pertes de tous les produits",
"CSV_EXPORT_COUNTRY": "Pays",
"CSV_EXPORT_UNIT": "Unité",
"CSV_EXPORT_ENERGY": "Energie",
"CSV_EXPORT_ENERGY_SHARE": "Part de l'énergie",
"CSV_EXPORT_CE": "Économie circulaire",
"CSV_EXPORT_CE_SHARE": "Part de l’économie circulaire",
"CSV_EXPORT_YEAR": "Année",
"CSV_EXPORT_INDICATOR": "Indicateur",

"CHARTS_UNIT": "Unité",
"CHARTS_YEAR": "Année",
"CHARTS_COUNTRY": "Pays",
"CHARTS_COUNTRIES": "Agrégat de",
"CHARTS_CTRY_AGRR": "Pays sélectionnés",

"FOOTER_FEEDBACK": "Retour d'information",
"FOOTER_COOKIES": "Cookies",
"FOOTER_PRIVACY": "Protection de la vie privée",
"FOOTER_LEGAL": "Avis juridique",

"tutBACK": "Retour",
"tutNEXT": "Suivant",
"tutFINISH": "Fermer",

"MSG_01": "Le navigateur ne supporte pas HTML5.",
"MSG_02": "Cliquez sur le drapeau pour supprimer le pays de la sélection",
"MSG_03": "Chargement des données d'Eurobase",
"MSG_04": "Désolé!",
"MSG_05": "Pour le moment, cette fonctionnalité n'est supportée que par Mozilla Firefox et Google Chrome.<br/>Veuillez, s'il vous plaît, utilisez l'un de ces navigateurs.",
"MSG_06": "Grande différence statistique affichée",
"MSG_07": "La différence statistique est de",
"MSG_08": "% pour",
"MSG_09": "Données affichées inconsitentes! L'énergie n'est pas conservée pour les noeuds suivants: ",
"MSG_10": "% de décalage",
"MSG_11": "Il y a probablement des données incohérentes dans l'",
"MSG_12": "l'équilibre énergétique annuelle",
"MSG_13": "Cependant, si vous pensez qu'il y a un problème avec l'outils, s'il vous plaît",
"MSG_14": "signalez le",
"MSG_15": "Votre navigateur n'est pas encore supporté. Certaines fonctionnalités de l'outils pourraient ne pas être disponibles ou ne pas fonctionner correctement",
"MSG_16": "Actuellement les navigateurs supportés,pour lesquels l'outils a été complètement testé, sont",
"MSG_17": "recommandé",
"MSG_18": "Chargement",
"MSG_19": "L'année sélectionnée n'était pas disponible pour",
"MSG_20": "et",
"MSG_21": "pays",
"MSG_22": "Tous les flux du diagramme sont vides pour cette combinaison de pays, année et carburant.",
"MSG_23": "ATTENTION",
"MSG_24": "Attention",
"MSG_25": "Un aperçu désagrégé pour ",
"MSG_26": "n’est pas disponible.\nActuellement il n’y a pas de données sur les comptes de flux de matières pour ce pays.",
"MSG_27": "Une vue désagrégée n'est pas disponible pour cette sélection.",
"MSG_28": "Ce diagramme Sankey de flux de matières est expérimental. <br/>Il est optimisé pour Mozilla Firefox.",
"MSG_29": "Merci de patienter le temps de la création du fichier pdf.",
"MSG_30": "Merci de patienter le temps de la création du fichier png.",

"LINKS": "Liens",
"COOKIES": "Cookies",
"PRIVACY": "Protection de la vie privée",
"LEGAL": "Avis juridique",

"accData": "Accès au jeu de données",

"START_ANIMATION": "Démarrer l'animation du diagramme",
"STOP_ANIMATION": "Stopper l'animation du diagramme",

"MSG_MOBILE_DEV_1": "Pour une meilleure expérience sur votre appareil mobile, nous vous recommendons d'utiliser les boutons de zoom situés en bas à droite de l'écran.",
"MSG_MOBILE_DEV_2": "En cas de problèmes de visualisation, essayez de changer l'orientation de l'appreil pour optimiser l'affichage.",
"MSG_MOBILE_DEV_3": "Soyez avertis que sur les appareils mobiles, certaines fonctionnalités pourraient ne pas être disponibles.",

"COOKIETEXT": "Ce site utilise des cookies pour am\u00e9liorer la navigation. En savoir plus sur <a href=\"//ec.europa.eu/cookies/index_fr.htm\" target=\"_blank\">la mani\u00e8re dont nous utilisons les cookies</a>",
"COOKIECOMPLETEclose": "Fermer",
"COOKIECOMPLETEacceptAll": "Accepter tous les cookies",
"COOKIECOMPLETEonlyTechnical": "N\u2019accepter que les cookies essentiels",
"COOKIECOMPLETE": "Vos pr\u00e9f\u00e9rences en mati\u00e8re de cookies ont \u00e9t\u00e9 sauvegard\u00e9es. Pour modifier vos pr\u00e9f\u00e9rences \u00e0 tout moment, consultez notre <a href=\"//ec.europa.eu/info/cookies_fr\" target=\"_blank\">politique sur les cookies</a> ou cliquez sur le lien dans le pied de page.",

"MENU_LANGUAGE": "Sélectionner la langue",

"LEN": "English",
"LFR": "Français",
"LDE": "Deutsch",

"MENU_FLOW": "Basculer les détails du flux d'énergie",
"MENU_FLOW_D": "Afficher les flux d'énergie désagrégés",
"MENU_FLOW_T": "Afficher les flux d'énergie agrégés",
"MENU_RELOAD": "Réinitialisation du diagramme",
"MENU_TUTORIAL": "Tutoriel",
"TITLE_YEAR": "année",
"BTN_OK": "OK",
"BTN_CANCEL": "Annuler",
"BTN_RESET": "Réinitialiser",
"BTN_CLOSE": "Fermer",
"MENU_SUB_SAVE_PNG": "Enregistrer au format PNG",
"MENU_SUB_SAVE_PDF": "Enregistrer au format PDF",
"NOMBRE": "Valeurs",
"POURCENTAGE": "Pourcentage",
"TOGGLEAGREGATES": "Basculer les agrégats",
"FROM": "De",
"TO": "à",
"SHOW": "Afficher",
"VIEW_CHART_MENU": "Afficher le menu du graphique",
"TSV": "Basculer la visibilité des séries",

"SELECTLANGUAGE": "Choisissez votre langue",
"OFFICIAL": "Langue officielle de l'UE: ",
"FOOTER_ACCESSIBILITY": "Accessibilité",

"VAL": "valeur",

"SELITEN": "Choisir des options",
"KEYWORD": "Entrez un mot-clé de filtre",
"NORESULTS": "Aucun résultat trouvé",
"SELALL": "Tout sélectionner",
"CLEAR": "Tout effacer",
"CLOSE": "Soumettre",

"AGGREGATE": "Agrégat",
"EUCTR": "Pays de l'UE",
"EFTA": "Pays de l'AELE",
"ENLARGEMENT": "Pays en élargissement",
"OTHERCTR": "Autres pays tiers"


}
