﻿{

	"N1": "Available from all sources",
	"N1_1": "Production",
	"E1_1_1": "Recovered and recycled products",
	"E1_1_2": "Primary production",
	"E1_2": "Imports",
	"E1_3": "Stock draw",
	"E1_4": "Statistical difference - inflow",
	"T2": "Transformation",
	"N2_1": "Transformation input",
	"N2_2": "Transformation output",
	"T2_3": "",
	"T2_4": "",
	"T2_5": "",
	"T2_6": "Refineries and petrochemical industry",
	"N2_6_1": "Refineries and petrochemical industry input",
	"N2_6_2": "Refineries and petrochemical industry output",
	"T2_6_1": "Refineries",
	"T2_6_2": "Petrochemical industry",
	"T2_6_3": "Other",
	"T2_7": "BKB / PB plants",
	"T2_8": "Coke-ovens",
	"T2_9": "Blast-furnaces",
	"T2_10": "Gas works",
	"T2_11": "Electricity and heat generation",
	"N2_11_1": "Electricity and heat generation input",
	"N2_11_2": "Electricity and heat generation output",
	"T2_11_1": "Electricity only",
	"T2_11_2": "Combined heat and power",
	"T2_11_3": "Heat only",
	"T2_11_4": "Other",
	"T2_12": "Other transformation",
	"N3": "Transformation backflow",
	"E4": "Transformation losses",
	"N5": "Direct carry-over",
	"N6": "Available after transformation",
	"E6_2": "Stock build",
	"E6_3": "Exports",
	"E6_4": "Marine bunkers",
	"E6_5": "Consumption of the energy branch",
	"E6_5_1": "Electricity and heat generation",
	"E6_5_2": "Coal mines",
	"E6_5_3": "Oil and natural gas extraction plants",
	"E6_5_4": "Patent fuel plants",
	"E6_5_5": "Coke ovens",
	"E6_5_6": "Brown coal briquettes and peat briquettes plants",
	"E6_5_7": "Gas works",
	"E6_5_8": "Blast furnaces",
	"E6_5_9": "Petroleum refineries (Oil refineries)",
	"E6_5_10": "Nuclear industry",
	"E6_5_11": "Coal liquefaction plants",
	"E6_5_12": "Liquefaction and regasification plants (LNG)",
	"E6_5_13": "Gasification plants for biogas",
	"E6_5_14": "Gas-to-liquids plants",
	"E6_5_15": "Charcoal production plants",
	"E6_5_16": "Not elsewhere specified",
	"E6_6": "Distribution and transmission losses",
	"E6_7": "International aviation",
	"E6_8": "Statistical difference - outflow",
	"N6_1": "Final consumption",
	"N6_1_1": "Final energy consumption",
	"N6_1_1_1": "Industry",
	"E6_1_1_1_1": "Iron & steel",
	"E6_1_1_1_2": "Chemical and petrochemical",
	"E6_1_1_1_3": "Non-ferrous metal",
	"E6_1_1_1_4": "Non-metallic minerals",
	"E6_1_1_1_5": "Transport equipment",
	"E6_1_1_1_6": "Machinery",
	"E6_1_1_1_7": "Mining and quarrying",
	"E6_1_1_1_8": "Food and tobacco",
	"E6_1_1_1_9": "Paper, pulp and print",
	"E6_1_1_1_10": "Wood and wood products",
	"E6_1_1_1_11": "Construction",
	"E6_1_1_1_12": "Textile and leather",
	"E6_1_1_1_13": "Non-specified (industry)",
	"N6_1_1_2": "Transport",
	"E6_1_1_2_1": "Rail",
	"E6_1_1_2_2": "Road",
	"E6_1_1_2_3": "",
	"E6_1_1_2_4": "Domestic aviation",
	"E6_1_1_2_5": "Domestic navigation",
	"E6_1_1_2_6": "Pipeline transport",
	"E6_1_1_2_7": "Non-specified (transport)",
	"N6_1_1_3": "Other sectors",
	"E6_1_1_3_1": "Services",
	"E6_1_1_3_2": "Households",
	"E6_1_1_3_3": "Agriculture / forestry",
	"E6_1_1_3_4": "Fishing",
	"E6_1_1_3_5": "Non-specified (other)",
	"N6_1_2": "Final non-energy consumption",
	"E6_1_2_1": "Industry",
	"E6_1_2_2": "Transport",
	"E6_1_2_3": "Other sectors",

	"EU28": "European Union (28 countries)",
	"EU27_2020": "European Union (27 countries)",
	"EU27_2020_SHORT": "EU27 (27 countries)",
	"EA19": "Euro area (19 countries)",
	"BE": "Belgium",
	"BG": "Bulgaria",
	"CZ": "Czechia",
	"DK": "Denmark",
	"DE": "Germany",
	"EE": "Estonia",
	"IE": "Ireland",
	"EL": "Greece",
	"ES": "Spain",
	"FR": "France",
	"HR": "Croatia",
	"IT": "Italy",
	"CY": "Cyprus",
	"LV": "Latvia",
	"LT": "Lithuania",
	"LU": "Luxembourg",
	"HU": "Hungary",
	"MT": "Malta",
	"NL": "Netherlands",
	"AT": "Austria",
	"PL": "Poland",
	"PT": "Portugal",
	"RO": "Romania",
	"SI": "Slovenia",
	"SK": "Slovakia",
	"FI": "Finland",
	"SE": "Sweden",
	"UK": "United Kingdom",
	"IS": "Iceland",
	"NO": "Norway",
	"ME": "Montenegro",
	"MK": "North Macedonia",
	"AL": "Albania",
	"RS": "Serbia",
	"TR": "Türkiye",
	"XK": "Kosovo (UN SCR 1244/99)",
	"UA": "Ukraine",
	"MD": "Moldova",
	"BA": "Bosnia and Herzegovina",
	"GE": "Georgia",

	"TOTAL": "All products",
	"SFF_P1000": "Solid fuels",
	"C0121": "Coking Coal",
	"C0129": "Other Bituminous Coal",
	"C0220": "Lignite",
	"C0311": "Coke Oven Coke",
	"SFF_OTH": "Other solid fuels",

	"O4000": "Oil and petroleum products",
	"O4100_TOT": "Crude oil",
	"O4200-4500": "Other primary oil",
	"O4652XR5210B": "Motor gasoline (excluding biofuel portion)",
	"O4671XR5220B": "Gas oil and diesel oil (excluding biofuel portion)",
	"O4661XR5230B": "Kerosene-type jet fuel (excluding biofuel portion)",
	"O4680": "Fuel oil",
	"PP_OTH": "Other petroleum products",

	"G3000_C0350-370": "Gas",
	"G3000": "Natural gas",
	"C0350-0370": "Manufactured gases",

	"RA000": "Renewable energies",
	"RA100": "Hydro",
	"RA300": "Wind",
	"RA410": "Solar thermal",
	"RA420": "Solar photovoltaic",
	"R5110-5150_W6000RI": "Primary solid biofuels",
	"R5200": "Liquid biofuels",
	"W6210": "Renewable municipal waste",
	"R5300": "Biogases",
	"RA200": "Geothermal",
	"RA600": "Ambient heat (heat pumps)",
	"RA500_5160": "Other renewable energies",

	"W6100_6220": "Non-renewable waste",
	"W6100": "Industrial waste (non-renewable)",
	"W6220": "Non-renewable municipal waste",

	"N900H": "Nuclear heat",
	"H8000": "Heat",
	"E7000": "Electricity",

	"HEADER_TITLE":"Energy balance flow diagram",

  "LEGEND_TITLE": "Legend (top-down)",
  "EXPORT_HEADER_TITLE": "Energy balance flow diagrams",
  "EXPORT_FOOTER_TITLE": "Source: Eurostat",

	"MENU_COUNTRY": "Select country",
	"MENU_UNIT": "Select energy unit",


  "MENU_HIDE_LEGEND": "Hide legend",
  "MENU_SHOW_LEGEND": "Show legend",
  "MENU_NODE_LABELS": "Select node labels",
  "MENU_NODE_DETAILS": "Node disaggregation options",
  "MENU_METADATA": "Metadata",
  "MENU_DATASET": "Sankey datasets",
  "MENU_SAVE_DIAGRAM": "Save this diagram",





  "INFO_COUNTRY_SELECTOR": "The data for the selected countries (+) are presented as an aggregate, meaning the sum of these countries’ values.",
  "DISCLAIMER_BAR_CHART": "Data for the <b>European Union</b> has been taken out from the chart as the value distorted the scale on the y-axis. The data can be found in the source dataset below the chart.",
  "DISCLAIMER_DONT_SHOW_AGAIN": "Don't show this message again",
	"BOX_COUNTRY_TITLE": "Select countries",
	"BOX_COUNTRY_TOOLTIP": "Several countries can be selected and the result will be the sum of those countries",
	"BOX_UNIT_TITLE": "Select energy unit",
	"BOX_NODE_LABELS_TITLE": "Select node labels",
	"BOX_NODE_DETAILS_TITLE": "Select node details",
	"BOX_MORE_TITLE": "Find out more",
	"BOX_SELECTION_COUNTRY": "Selected countries",
  "BOX_METADATA_TITLE": "Metadata",
  "BOX_DATASET_TITLE": "Sankey datasets",
	"BOX_FILTER_COUNTRY": "Filter countries",
	"BOX_SELECTION_ALL_COUNTRY": "Select all countries",
	"BOX_NORM_DATA": "Change to percentages",
	"BOX_DENORM_DATA": "Change to absolute values",

	"KTOE": "Kilotonnes of oil equivalent",
	"GJ": "Gigajoules",
	"TJ": "Terajoules",
	"GWh": "Gigawatt hours",
	"Gcal": "Gigacalories",
	"Tcal": "Teracalories",
	"GBtu": "Giga British thermal unit",

	"NO_LABELS": "No labels",
	"TITLE_ONLY": "Title only",
	"VALUE_ONLY": "Value only",
  "FLOW_NAME": "Flow name only",
  "FLOW_VALUE": "Flow value only",
  "FLOW_NAME_AND_VALUE": "Flow name and value",
	"TITLE_AND_VALUE": "Title and value",

	"EXPAND_NODES": "Expand all nodes",
	"COLLAPSE_NODES": "Collapse all nodes",
  "DEFAULT_VIEW": "Default node view",

	"TUTORIAL": "Tutorial",
	"SANKEY_EXPLAINED": "Sankey explained",
  "STATISTICS_EXPLAINED": "Sankey explained",
	"DEFINITIONS": "Definitions",
	"METADATA": "Metadata",
	"SANKEY_DATASET": "Sankey dataset",
	"CONTACT": "Contact us",

	"EXPAND_NODE": "Expand this node",
	"COLLAPSE_NODE": "Collapse this node",
  "TIME_GRAPHS": "Time graph",
  "PIE_CHARTS": "Pie chart",
	"BAR_CHARTS": "Compare countries",
  "FLOWS_GOING_THROUGH": "Flows going through",
	"FLOWS_GOING_INTO": "Flows going into",
	"FLOWS_GOING_OUT_FROM": "Flows going out from",
  "FUELS_GOING_THROUGH": "Fuels going through",
	"FUELS_GOING_INTO": "Fuels going into",
	"FUELS_GOING_OUT_FROM": "Fuels going out from",
	"SHOW_FUELS_DETAILS": "Show fuel details",
	"HIDE_FUELS_DETAILS": "Hide fuel details",
  "FLOWS_GOING_OUT_FROM_2": "Outgoing flows",
  "SHOW_FLOWS_DETAILS": "Show flow details",
  "HIDE_FLOWS_DETAILS": "Hide flow details",
  "HIGHLIGHT_FLOW": "Highlight this fuel",
	"NO_HIGHLIGHT": "No highlight",
	"INTO_FUEL_FAMILY": "Into this fuel family",
	"BACK_ALL_FUELS": "Back to all fuels",

	"SAVE_PIE_CHART": "Save pie chart",
	"SAVE_PNG_IMAGE": "Save image as PNG",
	"SAVE_DATA_TABLE": "Save data as table",
	"SAVE_DATA": "Save data",
	"SAVE_WHOLE_DIAGRAM_PDF": "Whole diagram",
	"SAVE_CURRENT_DIAGRAM_PDF": "Current display",
	"SAVE_DIAGRAM_FLOW": "Save the flow diagram",
	"SAVE_TIME_GRAPH": "Save time graph",
	"SAVE_BAR_CHART": "Save histogram",
	"OPTIONS_BAR_CHART": "Options",
  "RESET": "Reset",
  "ZOOM_RESET": "Set zoom to 100%",

	"losses": "All products losses",

	"CSV_EXPORT_COUNTRY": "Country",
	"CSV_EXPORT_UNIT": "Unit",
	"CSV_EXPORT_ENERGY": "Energy",
	"CSV_EXPORT_ENERGY_SHARE": "Energy share",
  "CSV_EXPORT_CE": "Circular economy",
  "CSV_EXPORT_CE_SHARE": "Circular economy share",
	"CSV_EXPORT_YEAR": "Year",
  "CSV_EXPORT_INDICATOR": "Indicator",

  "CHARTS_UNIT": "Unit",
  "CHARTS_YEAR": "Year",
  "CHARTS_COUNTRY": "Country",
  "CHARTS_COUNTRIES": "Aggregation of",
  "CHARTS_CTRY_AGRR": "Selected countries",

  "FOOTER_FEEDBACK": "Feedback",
  "FOOTER_COOKIES": "Cookies",
	"FOOTER_PRIVACY": "Privacy policy",
	"FOOTER_LEGAL": "Legal notice",

	"MSG_01": "Browser does not support HTML5.",
	"MSG_02": "Click on the flag to remove the country from the selection",
	"MSG_03": "Loading data from Eurobase",
	"MSG_04": "Sorry!",
	"MSG_05": "Currently this feature is only supported by Mozilla Firefox and Google Chrome.<br/>Please use one of these browsers for this function.",
	"MSG_06": "Large statistical difference on display",
	"MSG_07": "Statistical difference is",
	"MSG_08": "% of",
	"MSG_09": "Inconsistent data on display! Energy not conserved at the following nodes:",
	"MSG_10": "% discrepancy",
	"MSG_11": "Probably there are data discrepancies in the",
	"MSG_12": "annual energy balance",
	"MSG_13": "However, if you do think there is a problem with the tool, please",
	"MSG_14": "report it",
	"MSG_15": "Your browser is not supported yet. Some tool functions may be unavailable, or not working correctly",
	"MSG_16": "Currently the supported browsers, on which the tool has been thoroughly tested, are",
	"MSG_17": "recommended",
	"MSG_18": "Loading",
	"MSG_19": "The selected year was not available for",
	"MSG_20": "and",
	"MSG_21": "country",
	"MSG_22": "All diagram flows are empty for this combination of country, year and fuel.",
	"MSG_23": "WARNING",
	"MSG_24": "Warning",
	"MSG_25": "The disaggregated view for ",
	"MSG_26": " is not supported yet.\nCurrently there are no published data at material level for this country.",
	"MSG_27": "The disaggregated view is not available for this selection.",
	"MSG_28": "This is an experimental Sankey diagram of material flows. <br/>It is optimised for Mozilla Firefox.",
	"MSG_29": "Please wait while the pdf file is generated.",
	"MSG_30": "Please wait while the png file is generated.",

	"LINKS": "Links",
	"COOKIES": "Cookies",
	"PRIVACY": "Privacy policy",
	"LEGAL": "Legal notice",

	"tutNEXT": "Next",
	"tutBACK": "Previous",
	"tutFINISH": "Close",

	"accData": "Access to dataset",

	"START_ANIMATION": "Start diagram animation",
	"STOP_ANIMATION": "Stop diagram animation",

	"MSG_MOBILE_DEV_1": "For a better experience on your mobile device, we recommend that you use the zoom buttons at the bottom right corner of the screen.",
	"MSG_MOBILE_DEV_2": "In case of visualisation issues, try changing the device orientation to optimise the display.",
	"MSG_MOBILE_DEV_3": "Be aware that on mobile devices some tool functions may be unavailable.",

	"COOKIETEXT": "This site uses cookies to offer you a better browsing experience. Find out more on <a href=\"http://ec.europa.eu/cookies/index_en.htm\"  target=\"_blank\">how we use cookies.<\/a>",
	"COOKIECOMPLETEclose": "Close",
	"COOKIECOMPLETEacceptAll": "Accept all cookies",
	"COOKIECOMPLETEonlyTechnical": "Accept only essential cookies",
	"COOKIECOMPLETE": "Your cookie preferences have been saved. To change your preferences at any time, see our\u00a0<a href=\"//ec.europa.eu/info/cookies_en\" target=\"_blank\">cookies policy<\/a> or visit the link in the page footer.",


	"MENU_LANGUAGE": "Select language",

	"LEN": "English",
	"LFR": "Francais",
	"LDE": "Deutsch",

	"MENU_FLOW": "Toggle energy flow details",
	"MENU_FLOW_D": "Show disaggregated energy flows",
	"MENU_FLOW_T": "Show aggregated energy flows",	
	"MENU_RELOAD": "Diagram reset",
	"MENU_TUTORIAL": "Tutorial",
	"TITLE_YEAR": "year",
	"BTN_OK": "OK",
	"BTN_CANCEL": "Cancel",
	"BTN_RESET": "Reset",
	"BTN_CLOSE": "Close",
	"MENU_SUB_SAVE_PNG": "Save as PNG",
	"MENU_SUB_SAVE_PDF": "Save as PDF",
	"NUMBER": "Values",
	"PERCENTAGE": "Percentage",
	"TOGGLEAGREGATES": "Toggle aggregates",
	"FROM": "From",
	"TO": "to",
	"SHOW": "Show",
	"VIEW_CHART_MENU": "View chart menu",
	"TSV": "Toggle series visibility",

	"SELECTLANGUAGE": "Select language",
 	"OFFICIAL": "Official EU languages:",
 	"FOOTER_ACCESSIBILITY": "Accessibility",

	"VAL": "value",



	"SELITEN": "Choose options",
	"KEYWORD": "Enter filter keyword",
	"NORESULTS": "No results found",
	"SELALL": "Select all",
	"CLEAR": "Clear all",
	"CLOSE": "Submit",

	"AGGREGATE": "Aggregate",
	"EUCTR": "EU countries",
	"EFTA": "EFTA countries",
	"ENLARGEMENT": "Enlargement countries",
	"OTHERCTR": "Other third countries",

	

	"": ""


}