﻿{

	"N1": "Verfügbar aus allen Bezugsquellen",
	"N1_1": "Erzeugung",
	"E1_1_1": "Wiedergewinnung und Recyclingprodukte",
	"E1_1_2": "Primärerzeugung",
	"E1_2": "Einfuhren",
	"E1_3": "Bestandsabbau",
	"E1_4": "Statistische Differenz - Zugang",
	"T2": "Umwandlung",
	"N2_1": "Umwandlungeinsatz",
	"N2_2": "Umwandlungsausstoss",
	"T2_3": "",
	"T2_4": "",
	"T2_5": "",
	"T2_6": "Raffinerien und petrochemische Industrie",
	"N2_6_1": "Raffinerien und petrochemische Industrie - Einsatz",
	"N2_6_2": "Raffinerien und petrochemische Industrie - Ausstoss",
	"T2_6_1": "Raffinerien",
	"T2_6_2": "Petrochemische Industrie",
	"T2_6_3": "Sonstiges",
	"T2_7": "Braunkohle-/Torfbrikettfabriken",
	"T2_8": "Kokereien",
	"T2_9": "Hochöfen",
	"T2_10": "Gaswerke",
	"T2_11": "Strom- und Wärmeerzeugung",
	"N2_11_1": "Strom- und Wärmeerzeugungseingang",
	"N2_11_2": "Strom- und Wärmeerzeugungsaustoss",
	"T2_11_1": "Nur Strom",
	"T2_11_2": "Kraft-Wärme-Kopplung",
	"T2_11_3": "Nur Wärme",
	"T2_11_4": "Sonstiges",
	"T2_12": "Sonstige Umwandlungen",
	"N3": "Rückfluss aus Umwandlungen",
	"E4": "Umwandlungsverluste",
	"N5": "Direkter Übertrag",
	"N6": "Verfügbar nach Umwandlungen",
	"E6_2": "Bestandsaufbau",
	"E6_3": "Gesamtausfuhren",
	"E6_4": "Bunker",
	"E6_5": "Gesamtverbrauch im Energiesektor",
	"E6_5_1": "Elektrizitätswerke und Wärmekraftwerke",
	"E6_5_2": "Kohlebergwerke",
	"E6_5_3": "Öl- und Gasförderung",
	"E6_5_4": "Patentbrennstoffanlagen",
	"E6_5_5": "Kokereien",
	"E6_5_6": "Braunkohle-/Torfbrikettfabriken",
	"E6_5_7": "Gaswerke",
	"E6_5_8": "Hochöfen",
	"E6_5_9": "Erdölraffinerien",
	"E6_5_10": "Nuklearindustrie",
	"E6_5_11": "Kohleverflüssigungs",
	"E6_5_12": "Verflüssigung(LNG)/Rückvergasung",
	"E6_5_13": "Vergasungsanlagen für Biogas",
	"E6_5_14": "Gas-to-Liquids-Anlagen",
	"E6_5_15": "Holzkohlefabriken",
	"E6_5_16": "Nicht anderweitig genannt",
	"E6_6": "Netzverluste",
	"E6_7": "Grenzüberschreitender Luftverkehr",
	"E6_8": "Statistische Differenz - Abgang",
	"N6_1": "Endverbrauch",
	"N6_1_1": "Energetischer Endverbrauch",
	"N6_1_1_1": "Industrie",
	"E6_1_1_1_1": "Stahlindustrie",
	"E6_1_1_1_2": "Chemische Industrie",
	"E6_1_1_1_3": "NE-Metallindustrie",
	"E6_1_1_1_4": "Nichtmetallische Mineralstoffe verarbeitende Industrie",
	"E6_1_1_1_5": "Fahrzeugbau",
	"E6_1_1_1_6": "Maschinenbau und andere metallverarbeitende Industrien",
	"E6_1_1_1_7": "Erzgewinnungsindustrie (mit Ausnahme der Brenn-und Kraftstoffgewinnung)",
	"E6_1_1_1_8": "Nahrungs- und Genussmittelindustrie",
	"E6_1_1_1_9": "Papier- und Druckindustrie",
	"E6_1_1_1_10": "Herstellung von Holz sowie Holz-, Kork- und Flechtwaren",
	"E6_1_1_1_11": "Baugewerbe",
	"E6_1_1_1_12": "Textil-, Lederwaren- und Bekleidungsindustrie",
	"E6_1_1_1_13": "Andere Industriezweige",
	"N6_1_1_2": "Verkehrssektor",
	"E6_1_1_2_1": "Bahnverkehr",
	"E6_1_1_2_2": "Strassenverkehr",
	"E6_1_1_2_3": "",
	"E6_1_1_2_4": "Innerstaatlicher Luftverkehr",
	"E6_1_1_2_5": "Binnenschifffahrt",
	"E6_1_1_2_6": "Transport in Pipelines",
	"E6_1_1_2_7": "Verkehrssektor - nicht anderweitig genannt",
	"N6_1_1_3": "Sonstige Sektoren",
	"E6_1_1_3_1": "Gewerbliche und öffentliche Dienstleistungen",
	"E6_1_1_3_2": "Haushalte",
	"E6_1_1_3_3": "Land- und Forstwirtschaft",
	"E6_1_1_3_4": "Fischerei und Fischzucht",
	"E6_1_1_3_5": "Sonstige Sektoren - nicht anderweitig genannt",
	"N6_1_2": "Nichtenergetischer Endverbrauch",
	"E6_1_2_1": "Industrie",
	"E6_1_2_2": "Verkehrssektor",
	"E6_1_2_3": "Sonstiges",
	
	"EU28": "Europäische Union (28 Länder)",
	"EU27_2020": "Europäische Union (27 Länder)",
	"EU27_2020_SHORT": "EU27 (27 Länder)",
	"EA19": "Euroraum (19 Länder)",
	"BE": "Belgien",
	"BG": "Bulgarien",
	"CZ": "Tschechien",
	"DK": "Dänemark",
	"DE": "Deutschland",
	"EE": "Estland",
	"IE": "Irland",
	"EL": "Griechenland",
	"ES": "Spanien",
	"FR": "Frankreich",
	"HR": "Kroatien",
	"IT": "Italien",
	"CY": "Zypern",
	"LV": "Lettland",
	"LT": "Litauen",
	"LU": "Luxemburg",
	"HU": "Ungarn",
	"MT": "Malta",
	"NL": "Niederlande",
	"AT": "Österreich",
	"PL": "Polen",
	"PT": "Portugal",
	"RO": "Rumänien",
	"SI": "Slowenien",
	"SK": "Slowakei",
	"FI": "Finnland",
	"SE": "Schweden",
	"UK": "Vereinigtes Königreich",
	"IS": "Island",
	"NO": "Norwegen",
	"ME": "Montenegro",
	"MK": "NordMazedonien",
	"AL": "Albanien",
	"RS": "Serbien",
	"TR": "Türkei",
	"XK": "Kosovo (RSR VN 1244/99)",
	"UA": "Ukraine",
	"MD": "Moldawien",
	"BA": "Bosnien und Herzegowina",
	"GE": "Georgia",
	
	"TOTAL": "Alle Produkte",
	"SFF_P1000": "Feste Brennstoffe",
	"C0121": "Kokskohle",
	"C0129": "Bituminöse Kohle",
	"C0220": "Braunkohle",
	"C0311": "Kokereikoks",
	"SFF_OTH": "Sonstige feste Brennstoffe",
	
	"O4000": "Rohöl und Mineralölerzeugnisse",
	"O4100_TOT": "Rohöl",
	"O4200-4500": "Sonstige Primäröle",
	"O4652XR5210B": "Benzin (ohne Biokomponenten)",
	"O4661XR5230B": "Flugturbinenkraftstoff auf Petroleumbasis (ohne Biokomponenten)",
	"O4671XR5220B": "Diesel-/Gasöl (ohne Biokomponenten)",
	"O4680": "Heizöle",
	"PP_OTH": "Sonstige Mineralölerzeugnisse",
	
	"G3000_C0350-370": "Gas",
	"G3000": "Erdgas",
	"C0350-0370": "Abgeleitete Gase",
	
	"RA000": "Erneuerbare Energien",
	"RA100": "Wasserkraftenergie",
	"RA300": "Windenergie",
	"RA410": "Thermische Sonnenenergie",
	"RA420": "Fotovoltaische Energie",
	"R5110-5150_W6000RI": "Feste Biobrennstoffe (außer Holzkohle)",
	"R5200": "Flüssige Biobrennstoffe",
	"W6210": "Siedlungsabfälle (erneuerbar) ",
	"R5300": "Biogas",
	"RA200": "Geothermische Energie",
	"RA600": "Umgebungswärme",	
	"RA500_5160": "Sonstige erneuerbare Energien",
	
	"W6100_6220": "Abfälle (nicht erneuerbar)",
	"W6100": "Industrieabfälle",
	"W6220": "Siedlungsabfälle (nicht erneuerbar)",
	
	"N900H": "Kernenergie",
	"H8000": "Wärme",
	"E7000": "Elektrizität",

	"HEADER_TITLE":"Energieflussdiagramm für",
	"LEGEND_TITLE":"Legende",
	"EXPORT_HEADER_TITLE":"Energieflussdiagramm",
	"EXPORT_FOOTER_TITLE":"Quelle: Eurostat",
	
	"MENU_COUNTRY": "Land auswählen",
	"MENU_UNIT": "Energieeinheit auswählen",
	"MENU_HIDE_LEGEND": "Legende ausblenden",
	"MENU_SHOW_LEGEND": "Legende einblended",
	"MENU_NODE_LABELS": "Knotenbeschriftung auswählen",
	"MENU_NODE_DETAILS": "Knotendetails auswählen",
	"MENU_SAVE_DIAGRAM": "Diagramm speichern",
	"MENU_MORE": "Erfahren Sie mehr",
	
	"BOX_COUNTRY_TITLE": "Wählen Länder",
	"BOX_COUNTRY_TOOLTIP": "Es können mehrere Länder ausgewählt werden und als Ergebnis wird die Summe dieser Länder angezeigt",
	"BOX_UNIT_TITLE": "Energieeinheit auswählen",
	"BOX_NODE_LABELS_TITLE": "Knotenbeschriftung auswählen",
	"BOX_NODE_DETAILS_TITLE": "Knotendetails auswählen",
	"BOX_MORE_TITLE": "Erfahren Sie mehr",
	"BOX_SELECTION_COUNTRY": "Ausgewählte Länder",
	"BOX_FILTER_COUNTRY": "Länder filtern",
	"BOX_SELECTION_ALL_COUNTRY": "Alle Länder auswählen",
	"BOX_NORM_DATA": "Ändern in Prozent",
	"BOX_DENORM_DATA": "Zu absoluten Werten wechseln",
	
	
	"KTOE": "Tausend Tonnen Rohöleinheiten",
	"GJ": "Gigajoule",
	"TJ": "Terajoule",
	"GWh": "Gigawattstunden",
	"Gcal": "Gigakalorien",
	"Tcal": "Terakalorien",
	"GBtu": "Giga British thermal unit",
	
	"NO_LABELS": "Keine Beschriftung",
	"TITLE_ONLY": "Nur Titel",
	"VALUE_ONLY": "Nur Wert",
	"TITLE_AND_VALUE": "Titel und Wert",
	
	"EXPAND_NODES": "Alle Knoten aufklappen",
	"COLLAPSE_NODES": "Alle Knoten einklappen",
	"DEFAULT_VIEW": "Standardansicht",
	
	"TUTORIAL": "Tutorial",
	"SANKEY_EXPLAINED": "Sankey erklärt",
	"DEFINITIONS": "Definitionen",
	"METADATA": "Metadaten",
	"SANKEY_DATASET": "Sankey-Datensatz",
	"CONTACT": "Schreiben Sie uns",
	
	"EXPAND_NODE": "Diesen Knoten aufklappen",
	"COLLAPSE_NODE":"Diesen Knoten einklappen",
	"TIME_GRAPHS": "Zeitkurven",
	"PIE_CHARTS": "Tortendiagramme",
	"BAR_CHARTS": "Länder vergleichen",
	"FUELS_GOING_THROUGH": "Brennstoffe durch",
	"FUELS_GOING_INTO": "Brennstoffeinsatz in",
	"FUELS_GOING_OUT_FROM": "Brennstoffausstoss aus",
	"FLOWS_GOING_INTO": "Zuflüsse zu",
	"FLOWS_GOING_OUT_FROM": "Abflüsse aus",
	"SHOW_FUELS_DETAILS": "Detaillierte Brennstoffe zeigen",
	"HIDE_FUELS_DETAILS": "Detaillierte Brennstoffe ausblenden",
	"HIGHLIGHT_FUEL": "Diesen Brennstoff hervorheben",
	"NO_HIGHLIGHT": "Keine Hervorhebung",
	"INTO_FUEL_FAMILY": "Diagramm für diese Brennstofffamilie",
	"BACK_ALL_FUELS": "Zurück zu allen Brennstoffen",
	
	"SAVE_PIE_CHART": "Tortendiagramm speichern",
	"SAVE_PNG_IMAGE": "Bild im PNG-Format speichern",
	"SAVE_DATA_TABLE": "Datentabelle speichern",
	"SAVE_DATA": "Daten speichern",
	"SAVE_WHOLE_DIAGRAM_PDF": "Komplettes Diagramm",
	"SAVE_CURRENT_DIAGRAM_PDF": "Aktuelle Ansicht",
	"SAVE_DIAGRAM_FLOW": "Flussdiagramm speichern",
	"SAVE_TIME_GRAPH": "Zeitkurven speichern",
	"SAVE_BAR_CHART": "Histogramme speichern",
	"OPTIONS_BAR_CHART": "Optionen",
	
	"losses": "Gesamtenergieverluste",
	
	"CSV_EXPORT_COUNTRY": "Land",
	"CSV_EXPORT_UNIT": "Einheit",
	"CSV_EXPORT_ENERGY": "Energie",
	"CSV_EXPORT_ENERGY_SHARE": "Energieanteil",
	"CSV_EXPORT_YEAR": "Jahr",
	
	"MSG_01": "Dieser Browser unterstützt kein HTML5.",
	"MSG_02": "Klicken Sie auf die Flagge, um dass Land wieder aus der Auswahl zu entfernen",
	"MSG_03": "Lade Daten von  Eurobase",
	"MSG_04": "Entschuldigung!",
	"MSG_05": "Momentan wird diese Funktion nur in Mozilla Firefox und Google Chrome unterstützt.<br/>Verwenden Sie bitte einen dieser Browser.",
	"MSG_06": "Erhebliche statistische Differenz im aktuellen Diagramm",
	"MSG_07": "Die statistische Differenz beträgt",
	"MSG_08": "% von",
	"MSG_09": "Widersprüchliche Daten im aktuellen Diagramm! Keine Energieerhaltung an folgenden Knoten:",
	"MSG_10": "% Abweichung",
	"MSG_11": "Vermutlich sind die Daten in der",
	"MSG_12": "jährlichen Energiebilanz widersprüchlich",
	"MSG_13": "Falls Sie jedoch denken, dass das Problem bei diesem Tool liegt,",
	"MSG_14": "melden Sie es bitte",
	"MSG_15": "Ihr Browser wird noch nicht unterstützt. Einige Funktionen sind möglicherweise nicht vorhanden oder fehlerhaft.",
	"MSG_16": "Die unterstützten Browser, mit denen das Tool eingehend getestet wurde, sind im Moment",
	"MSG_17": "empfohlen",
	"MSG_18": "Laden",
	"MSG_19": "Das ausgewählte Jahr war nicht verfügbar für",
	"MSG_20": "und",
	"MSG_21": "Land",
	"MSG_22": "Alle Diagrammflüsse sind leer für die ausgewählte Kombination aus Land, Jahr und Brennstoff.",
	"MSG_23": "WARNUNG",
	"MSG_24": "Warnung",
	"MSG_25": "Eine aufgeschlüsselte Datenansicht steht für  ",
	"MSG_26": " nicht zur Verfügung.\nGegenwärtig gibt es für dieses Land keine Daten zur Materialflussrechnung.",
	"MSG_27": "Die disaggregierte Ansicht ist für diese Auswahl nicht verfügbar.",
	"MSG_28": "Dies ist ein experimentelles Sankey-Diagramm von Materialflüssen; <br/>es ist für Mozilla Firefox optimiert.",
	"MSG_29": "Bitte warten Sie, während die PDF-Datei generiert wird.",
	"MSG_30": "Please wait while the png file is generated.",

	"LINKS": "Links",
	"COOKIES": "Cookies",
	"PRIVACY": "Datenschutz",
	"LEGAL": "Rechtlicher Hinweis",

	"tutBACK": "Zurück",
	"tutNEXT": "Weiter",
	"tutFINISH": "Schließen",

	"accData": "Zugriff auf Datensatz",
		
	"START_ANIMATION": "Startdiagramm Animation",
	"STOP_ANIMATION": "Stoppdiagramm Animation",
	
	"MSG_MOBILE_DEV_1": "Für ein besseres Erlebnis auf Ihrem Mobilgerät empfehlen wir Ihnen, die Zoom-Schaltflächen in der unteren rechten Ecke des Bildschirms zu verwenden.",
	"MSG_MOBILE_DEV_2": "Bei Darstellungsproblemen können Sie auch versuchen das Gerät anders auszurichten, um die Anzeige zu optimieren.",
	"MSG_MOBILE_DEV_3": "Bitte beachten Sie, dass auf Mobilgeräten einige Tool-Funktionen möglicherweise nicht verfügbar sind."	,

	"COOKIETEXT": "Im Interesse der Benutzerfreundlichkeit verwenden wir auf unseren Seiten Cookies. Erfahren Sie mehr \u00fcber <a href=\"//ec.europa.eu/cookies/index_de.htm\" target=\"_blank\">unsere Cookie-Politik.</a>",
	"COOKIECOMPLETEclose": "Schlie\u00dfen",
	"COOKIECOMPLETEacceptAll": "Alle Cookies akzeptieren",
	"COOKIECOMPLETEonlyTechnical": "Nur unbedingt notwendige Cookies akzeptieren",
	"COOKIECOMPLETE": "Ihre Cookie-Pr\u00e4ferenzen wurden gespeichert. Sie k\u00f6nnen sie jederzeit \u00e4ndern. Informieren Sie sich \u00fcber unsere <a href=\"//ec.europa.eu/info/cookies_de\" target=\"_blank\">Cookie-Politik</a> oder klicken Sie auf den Link in der Fu\u00dfzeile.",
   
	"MENU_LANGUAGE": "Sprache auswählen",

	"LEN": "Englisch",
	"LFR": "Francais",
	"LDE": "Deutsch",

	"MENU_FLOW": "Energieflussdetails umschalten",
	"MENU_FLOW_D": "Disaggregierte Energieflüsse anzeigen",
	"MENU_FLOW_T": "Aggregierte Energieflüsse anzeigen",
	"MENU_RELOAD": "Diagramm zurückgesetzt",
	"MENU_TUTORIAL": "Tutorial",
	"TITLE_YEAR": "Jahr",
	"BTN_OK": "OK",
	"BTN_CANCEL": "„Abbrechen",
	"BTN_RESET": "Zurücksetzen",
	"BTN_CLOSE": "Schließen",
	"MENU_SUB_SAVE_PNG": "Als PNG speichern",
	"MENU_SUB_SAVE_PDF": "Als PDF speichern",
	"NUMBER": "Werte",
	"PERCENTAGE": "Prozentsatz",
	"TOGGLEAGREGATES": "Aggregate umschalten",
	"FROM": "Von",
	"TO": "bis",
	"SHOW": "Anzeigen",
	"VIEW_CHART_MENU": "Diagramm-Menü anzeigen",
	"TSV": "Sichtbarkeit der Reihen umschalten",
	"SELECTLANGUAGE": "Wählen Sie Ihre Sprache",
  	"OFFICIAL": "Amtssprache der EU:",
	"FOOTER_ACCESSIBILITY": "Barrierefreiheit",

	"VAL": "Wert",

	"SELITEN": "Optionen auswählen",
    "KEYWORD": "Filter-Schlüsselwort eingeben",
    "NORESULTS": "Keine Ergebnisse gefunden",
    "SELALL": "Alle auswählen",
    "CLEAR": "Alles löschen",
    "CLOSE": "Einreichen",

	"AGGREGATE": "Aggregat",
	"EUCTR": "EU-Länder",
	"EFTA": "EFTA-Länder",
	"ENLARGEMENT": "Erweiterungsländer",
	"OTHERCTR": "Andere Drittstaaten",
	
	"": ""
}